Lab code,sample label,Site ID,Group,Month,F14C,F14C error absolute,uncalibrated age (y),age error (y),AMS δ13C (‰)
138285.1.1,DW-GF2-DOM-1,GF2,Drip_GF,Dec.21,0.91,0.009,739,78,-27.7
138286.1.1,DW-GR1-DOM-1,GR1,Drip_GR,Dec.21,0.742,0.036,2108,106,-29
138287.1.1,DW-GR2-DOM-1,GR2,Drip_GR,Dec.21,0.763,0.011,2145,106,-25.5
138288.1.1,DW-GR2-DOM-1b,GR2,Drip_GR,Dec.21,0.686,0.017,2847,113,-24.5
138289.1.1,DW-GR3-DOM-1,GR3,Drip_GR,Dec.21,0.874,0.011,1068,93,-24
138290.1.1,DW-GR3-DOM-1b,GR3,Drip_GR,Dec.21,0.758,0.016,2099,98,-25.5
138292.1.1,DW-GR5-DOM-1,GR5,Drip_GR,Dec.21,0.623,0.009,3763,116,-22.9
138293.1.1,DW-GR6-DOM-1,GR6,Drip_GR,Dec.21,0.727,0.013,2529,138,-13
138294.1.1,RW-Wier-DOM-1,RW,River,Dec.21,0.964,0.034,181,68,-30.4
138295.1.1,DW-GF1-DOM-2,GF1,Drip_GF,Feb.22,0.761,0.027,1987,101,-25.9
138296.1.1,DW-GF2-DOM-2,GF2,Drip_GF,Feb.22,0.958,0.047,197,67,-33
138297.1.1,DW-GF3-DOM-2,GF3,Drip_GF,Feb.22,0.938,0.026,416,74,-26.7
138298.1.1,DW-GR1-DOM-2,GR1,Drip_GR,Feb.22,0.69,0.017,2830,144,-4.6
138299.1.1,DW-GR2-DOM-2,GR2,Drip_GR,Feb.22,0.703,0.017,2686,126,-12.4
138300.1.1,DW-GR3-DOM-2,GR3,Drip_GR,Feb.22,0.811,0.01,1644,87,-23.8
138301.1.1,DW-GR4-DOM-2,GR4,Drip_GR,Feb.22,0.65,0.014,3353,144,-6.4
138302.1.1,DW-GR5-DOM-2,GR5,Drip_GR,Feb.22,0.663,0.011,3264,131,-15.7
138303.1.1,DW-GR6-DOM-2,GR6,Drip_GR,Feb.22,0.718,0.014,2640,148,-7.1
138304.1.1,DW-GF1-DOM-3,GF1,Drip_GF,Apr.22,0.771,0.009,2062,85,-25.7
138305.1.1,DW-GF3-DOM-3,GF3,Drip_GF,Apr.22,0.953,0.009,374,69,-28.5
138306.1.1,DW-GR1-DOM-3,GR1,Drip_GR,Apr.22,0.667,0.159,2451,127,-11.2
138307.1.1,DW-GR4-DOM-3,GR4,Drip_GR,Apr.22,0.67,0.053,2732,82,-27.9
138308.1.1,DW-GR6-DOM-3,GR6,Drip_GR,Apr.22,0.766,0.017,2020,102,-22.7
138309.1.1,DW-GR5-DOM-5,GR5,Drip_GR,Aug.22,0.63,0.065,3592,764,-13.7
140746.1.1,DW-GR2-DOM-3,GR2,Drip_GR,Apr.22,0.164,0.005,14529,258,-11.24
140747.1.1,DW-GF2-DOM-4,GF2,Drip_GF,Jun.22,0.225,0.004,11985,154,-8.73
140748.1.1,DW-GR2-DOM-4,GR2,Drip_GR,Jun.22,0.104,0.004,18177,315,22.51
140749.1.1,DW-GR5-DOM-4,GR5,Drip_GR,Jun.22,0.111,0.003,17648,226,0.21
140750.1.1,DW-GR6-DOM-4,GR6,Drip_GR,Jun.22,0.181,0.003,13753,120,-14.25
140751.1.1,RW-Weir-DOM-4,RW,River,Jun.22,0.369,0.004,8008,94,-16.83
140752.1.1,DW-GF1-DOM-5,GF1,Drip_GF,Aug.22,0.248,0.003,11203,99,-14.28
140753.1.1,DW-GF2-DOM-5,GF2,Drip_GF,Aug.22,0.316,0.003,9266,88,-14.4
140755.1.1,DW-GR1-DOM-5,GR1,Drip_GR,Aug.22,0.181,0.003,13751,123,-26.38
140756.1.1,DW-GR2-DOM-5,GR2,Drip_GR,Aug.22,0.178,0.003,13878,135,-25.03
140758.1.1,DW-GR4-DOM-5,GR4,Drip_GR,Aug.22,0.232,0.004,11722,127,-18.07
140761.1.1,DW-GF1-DOM-6,GF1,Drip_GF,Oct.22,0.452,0.007,6375,120,3.57
140763.1.1,DW-GR2-DOM-6,GR2,Drip_GR,Oct.22,0.486,0.008,5803,128,12.99
140765.1.1,DW-GR4-DOM-6,GR4,Drip_GR,Oct.22,0.339,0.005,8681,116,-31.81
140769.1.1,DW-GF1-DOM-7,GF1,Drip_GF,Dec.22,0.558,0.007,4691,103,-23.81
140770.1.1,DW-GF2-DOM-7,GF2,Drip_GF,Dec.22,0.717,0.007,2671,76,-33.49
140771.1.1,DW-GF3-DOM-7,GF3,Drip_GF,Dec.22,0.711,0.007,2738,74,-29.54
140772.1.1,DW-GR1-DOM-7,GR1,Drip_GR,Dec.22,0.44,0.006,6590,116,-23.29
140773.1.1,DW-GR3-DOM-7,GR3,Drip_GR,Dec.22,0.446,0.008,6493,144,-22.79
140774.1.1,DW-GR4-DOM-7,GR4,Drip_GR,Dec.22,0.371,0.005,7976,109,-11.07
140775.1.1,DW-GR5-DOM-7,GR5,Drip_GR,Dec.22,0.195,0.003,13133,127,-10.58
144185.1.1,DW-GR1-DOM-8,GR1,Drip_GR,Feb.23,0.876,0.011,1064,105,-26.2
144186.1.1,DW-GR2-DOM-9,GR2,Drip_GR,Apr.23,0.818,0.011,1615,109,-22.2
144187.1.1,DW-GR1-DOM-9,GR1,Drip_GR,Apr.23,0.873,0.012,1091,115,-21.7
144188.1.1,DW-GF3-DOM-10,GF3,Drip_GF,Jun.23,0.938,0.007,513,61,-33
144189.1.1,RW-Weir-DOM-8,RW,River,Feb.23,0.892,0.009,923,83,-28.7
144190.1.1,DW-GR6-DOM-8,GR6,Drip_GR,Feb.23,0.772,0.013,2083,135,-9.6
144191.1.1,DW-GF1-DOM-10,GF1,Drip_GF,Jun.23,0.932,0.007,563,61,-29.9
144192.1.1,DW-GR4-DOM-8,GR4,Drip_GR,Feb.23,0.752,0.011,2294,113,-21.8
144193.1.1,DW-GR2-DOM-10,GR2,Drip_GR,Jun.23,0.647,0.012,3498,152,-8.6
144194.1.1,DW-GF2-DOM-8,GF2,Drip_GF,Feb.23,0.786,0.007,1930,70,-35.5
144197.1.1,RW-Weir-DOM-7,RW,River,Dec.22,0.895,0.008,887,74,-31.6
144198.1.1,DW-GR3-DOM-8,GR3,Drip_GR,Feb.23,0.716,0.011,2684,129,-21.2
144199.1.1,DW-GF3-DOM-8,GF3,Drip_GF,Feb.23,0.722,0.006,2617,67,-30
144200.1.1,DW-GF1-DOM-8,GF1,Drip_GF,Feb.23,0.797,0.011,1827,110,-24.5
144201.1.1,DW-GF2-DOM-9,GF2,Drip_GF,Apr.23,0.973,0.007,217,59,-31.6
144204.1.1,DW-GF2-DOM-10,GF2,Drip_GF,Jun.23,0.943,0.008,475,65,-22.5
144205.1.1,DW-GR1-DOM-10,GR1,Drip_GR,Jun.23,0.931,0.009,578,75,-19.8
144206.1.1,DW-GR4-DOM-10,GR4,Drip_GR,Jun.23,0.798,0.007,1818,67,-33.6
144207.1.1,RW-Weir-DOM-9,RW,River,Apr.23,0.971,0.008,240,65,-31.3
144208.1.1,DW-GF1-DOM-9,GF1,Drip_GF,Apr.23,0.964,0.008,293,65,-31.6
144209.1.1,DW-GR5-DOM-9,GR5,Drip_GR,Apr.23,0.478,0.006,5936,108,-18.1
144210.1.1,DW-GF3-DOM-9,GF3,Drip_GF,Apr.23,0.958,0.009,348,73,-18.3
145242.1.1,RW-10,RW,River,Jun.23,0.769,0.021,2110,228,-23.2
145243.1.1,RW-11,RW,River,Aug.23,0.849,0.023,1313,218,-24.5
145244.1.1,GR5-11,GR5,Drip_GR,Aug.23,0.341,0.029,8640,714,-17.8
145245.1.1,RW-12,RW,River,Oct.23,0.843,0.024,1371,231,-23.9
145246.1.1,GF2-11,GF2,Drip_GF,Aug.23,0.918,0.101,691,935,-25
145247.1.1,GR3-11,GR3,Drip_GR,Aug.23,0.7,0.041,2861,486,-20.1
145248.1.1,GF3-13,GF3,Drip_GF,Jan.24,0.931,0.069,577,623,-26.3
145249.1.1,GR2-13,GR2,Drip_GR,Jan.24,0.438,0.051,6625,993,-19
145250.1.1,GR6-10,GR6,Drip_GR,Jun.23,0.701,0.04,2856,472,-24.2
145252.1.1,GF1-11,GF1,Drip_GF,Aug.23,0.78,0.085,1993,921,-25.6
145253.1.1,GR4-13,GR4,Drip_GR,Jan.24,0.692,0.051,2956,619,-21.5
145254.1.1,GR2-12,GR2,Drip_GR,Oct.23,0.464,0.03,6171,540,-20
145255.1.1,GR4-12,GR4,Drip_GR,Oct.23,0.571,0.057,4501,852,-19.3
145256.1.1,GF1-12,GF1,Drip_GF,Oct.23,0.822,0.041,1571,413,-25
145257.1.1,GR1-13,GR1,Drip_GR,Jan.24,0.482,0.039,5861,669,-20.5
145258.1.1,GF1-13,GF1,Drip_GF,Jan.24,0.876,0.045,1065,419,-24.6
145259.1.1,GR1-11,GR1,Drip_GR,Aug.23,0.776,0.039,2042,420,-21.5
145260.1.1,GR4-11,GR4,Drip_GR,Aug.23,0.637,0.068,3625,911,-21.2
145261.1.1,GF2-12,GF2,Drip_GF,Oct.23,0.905,0.031,801,283,-21.1
145262.1.1,GR6-12,GR6,Drip_GR,Oct.23,0.576,0.045,4425,653,-19.7
145263.1.1,GR5-12,GR5,Drip_GR,Oct.23,0.481,0.015,5882,252,-25.3
145264.1.1,GR2-11,GR2,Drip_GR,Aug.23,0.589,0.045,4257,632,-20.3
145265.1.1,RW-13,RW,River,Jan.24,0.978,0.012,175,98,-27.3
145266.1.1,GF3-13,GF3,Drip_GF,Jan.24,0.927,0.027,609,234,-23.9
145267.1.1,GR6-13,GR6,Drip_GR,Jan.24,0.551,0.114,4781,1859,-19
145269.1.1,SW-06-7,SW,River,Dec.22,0.93,0.031,587,276,
145270.1.1,SW-06-9,SW,River,Apr.23,0.945,0.031,456,267,
145271.1.1,SW-06-10,SW,River,Jun.23,0.878,0.033,1044,311,