Date,Discharge
01/12/2021,42
02/12/2021,132
03/12/2021,105
04/12/2021,351
05/12/2021,342
06/12/2021,275
07/12/2021,217
08/12/2021,178
09/12/2021,240
10/12/2021,245
11/12/2021,282
12/12/2021,225
13/12/2021,159
14/12/2021,124
15/12/2021,89
16/12/2021,69
17/12/2021,63
18/12/2021,55
19/12/2021,51
20/12/2021,46
21/12/2021,43
22/12/2021,39
23/12/2021,38
24/12/2021,37
25/12/2021,67
26/12/2021,200
27/12/2021,200
28/12/2021,190
29/12/2021,250
30/12/2021,255
31/12/2021,173
01/01/2022,110
02/01/2022,83
03/01/2022,70
04/01/2022,74
05/01/2022,269
06/01/2022,181
07/01/2022,110
08/01/2022,94
09/01/2022,259
10/01/2022,240
11/01/2022,163
12/01/2022,110
13/01/2022,85
14/01/2022,75
15/01/2022,66
16/01/2022,57
17/01/2022,50
18/01/2022,47
19/01/2022,45
20/01/2022,42
21/01/2022,39
22/01/2022,37
23/01/2022,36
24/01/2022,35
25/01/2022,34
26/01/2022,33
27/01/2022,32
28/01/2022,30
29/01/2022,30
30/01/2022,30
31/01/2022,35
01/02/2022,31
02/02/2022,170
03/02/2022,115
04/02/2022,73
05/02/2022,60
06/02/2022,53
07/02/2022,106
08/02/2022,75
09/02/2022,66
10/02/2022,58
11/02/2022,238
12/02/2022,178
13/02/2022,102
14/02/2022,79
15/02/2022,85
16/02/2022,101
17/02/2022,154
18/02/2022,153
19/02/2022,200
20/02/2022,154
21/02/2022,156
22/02/2022,178
23/02/2022,142
24/02/2022,105
25/02/2022,86
26/02/2022,73
27/02/2022,68
28/02/2022,61
01/03/2022,56
02/03/2022,53
03/03/2022,50
04/03/2022,46
05/03/2022,43
06/03/2022,41
07/03/2022,39
08/03/2022,38
09/03/2022,36
10/03/2022,35
11/03/2022,35
12/03/2022,33
13/03/2022,33
14/03/2022,31
15/03/2022,32
16/03/2022,30
17/03/2022,29
18/03/2022,29
19/03/2022,28
20/03/2022,29
21/03/2022,27
22/03/2022,27
23/03/2022,27
24/03/2022,27
25/03/2022,26
26/03/2022,26
27/03/2022,25
28/03/2022,25
29/03/2022,26
30/03/2022,27
31/03/2022,41
01/04/2022,41
02/04/2022,38
03/04/2022,32
04/04/2022,47
05/04/2022,50
06/04/2022,40
07/04/2022,47
08/04/2022,445
09/04/2022,334
10/04/2022,276
11/04/2022,257
12/04/2022,131
13/04/2022,71
14/04/2022,60
15/04/2022,53
16/04/2022,49
17/04/2022,46
18/04/2022,44
19/04/2022,42
20/04/2022,40
21/04/2022,38
22/04/2022,37
23/04/2022,45
24/04/2022,55
25/04/2022,218
26/04/2022,288
27/04/2022,173
28/04/2022,87
29/04/2022,68
30/04/2022,59
01/05/2022,53
02/05/2022,49
03/05/2022,45
04/05/2022,43
05/05/2022,44
06/05/2022,40
07/05/2022,37
08/05/2022,35
09/05/2022,34
10/05/2022,33
11/05/2022,33
12/05/2022,31
13/05/2022,31
14/05/2022,31
15/05/2022,30
16/05/2022,29
17/05/2022,29
18/05/2022,28
19/05/2022,27
20/05/2022,27
21/05/2022,31
22/05/2022,27
23/05/2022,63
24/05/2022,33
25/05/2022,28
26/05/2022,26
27/05/2022,26
28/05/2022,26
29/05/2022,26
30/05/2022,25
31/05/2022,25
01/06/2022,24
02/06/2022,24
03/06/2022,24
04/06/2022,29
05/06/2022,27
06/06/2022,26
07/06/2022,29
08/06/2022,28
09/06/2022,36
10/06/2022,24
11/06/2022,23
12/06/2022,23
13/06/2022,23
14/06/2022,22
15/06/2022,22
16/06/2022,22
17/06/2022,21
18/06/2022,21
19/06/2022,22
20/06/2022,21
21/06/2022,21
22/06/2022,56
23/06/2022,64
24/06/2022,50
25/06/2022,30
26/06/2022,47
27/06/2022,131
28/06/2022,42
29/06/2022,30
30/06/2022,84
01/07/2022,67
02/07/2022,38
03/07/2022,30
04/07/2022,36
05/07/2022,26
06/07/2022,25
07/07/2022,24
08/07/2022,23
09/07/2022,23
10/07/2022,22
11/07/2022,22
12/07/2022,21
13/07/2022,21
14/07/2022,21
15/07/2022,20
16/07/2022,20
17/07/2022,20
18/07/2022,21
19/07/2022,20
20/07/2022,22
21/07/2022,21
22/07/2022,19
23/07/2022,22
24/07/2022,19
25/07/2022,19
26/07/2022,19
27/07/2022,19
28/07/2022,19
29/07/2022,18
30/07/2022,18
31/07/2022,18
01/08/2022,18
02/08/2022,18
03/08/2022,18
04/08/2022,18
05/08/2022,18
06/08/2022,18
07/08/2022,17
08/08/2022,17
09/08/2022,17
10/08/2022,17
11/08/2022,17
12/08/2022,17
13/08/2022,16
14/08/2022,18
15/08/2022,44
16/08/2022,20
17/08/2022,31
18/08/2022,25
19/08/2022,60
20/08/2022,29
21/08/2022,20
22/08/2022,19
23/08/2022,18
24/08/2022,18
25/08/2022,17
26/08/2022,17
27/08/2022,17
28/08/2022,17
29/08/2022,17
30/08/2022,17
31/08/2022,17
01/09/2022,17
02/09/2022,22
03/09/2022,37
04/09/2022,18
05/09/2022,41
06/09/2022,23
07/09/2022,23
08/09/2022,46
09/09/2022,22
10/09/2022,22
11/09/2022,19
12/09/2022,18
13/09/2022,18
14/09/2022,18
15/09/2022,31
16/09/2022,23
17/09/2022,18
18/09/2022,18
19/09/2022,17
20/09/2022,17
21/09/2022,17
22/09/2022,17
23/09/2022,16
24/09/2022,26
25/09/2022,18
26/09/2022,17
27/09/2022,40
28/09/2022,185
29/09/2022,124
30/09/2022,60
01/10/2022,44
02/10/2022,41
03/10/2022,91
04/10/2022,56
05/10/2022,38
06/10/2022,29
07/10/2022,26
08/10/2022,24
09/10/2022,23
10/10/2022,22
11/10/2022,20
12/10/2022,20
13/10/2022,20
14/10/2022,24
15/10/2022,29
16/10/2022,20
17/10/2022,19
18/10/2022,18
19/10/2022,18
20/10/2022,18
21/10/2022,82
22/10/2022,185
23/10/2022,60
24/10/2022,89
25/10/2022,95
26/10/2022,59
27/10/2022,42
28/10/2022,35
29/10/2022,31
30/10/2022,28
31/10/2022,26
01/11/2022,33
02/11/2022,24
03/11/2022,29
04/11/2022,44
05/11/2022,45
06/11/2022,44
07/11/2022,36
08/11/2022,33
09/11/2022,124
10/11/2022,204
11/11/2022,77
12/11/2022,56
13/11/2022,46
14/11/2022,40
15/11/2022,36
16/11/2022,51
17/11/2022,78
18/11/2022,302
19/11/2022,223
20/11/2022,131
21/11/2022,94
22/11/2022,86
23/11/2022,85
24/11/2022,97
25/11/2022,90
26/11/2022,72
27/11/2022,68
28/11/2022,60
29/11/2022,50
30/11/2022,49
01/12/2022,55
02/12/2022,57
03/12/2022,56
04/12/2022,51
05/12/2022,43
06/12/2022,40
07/12/2022,38
08/12/2022,37
09/12/2022,36
10/12/2022,32
11/12/2022,31
12/12/2022,30
13/12/2022,30
14/12/2022,115
15/12/2022,328
16/12/2022,198
17/12/2022,85
18/12/2022,66
19/12/2022,60
20/12/2022,70
21/12/2022,158
22/12/2022,145
23/12/2022,208
24/12/2022,241
25/12/2022,136
26/12/2022,171
27/12/2022,264
28/12/2022,175
29/12/2022,110
30/12/2022,129
31/12/2022,103
01/01/2023,84
02/01/2023,73
03/01/2023,62
04/01/2023,55
05/01/2023,54
06/01/2023,52
07/01/2023,53
08/01/2023,146
09/01/2023,339
10/01/2023,291
11/01/2023,195
12/01/2023,130
13/01/2023,113
14/01/2023,97
15/01/2023,208
16/01/2023,250
17/01/2023,153
18/01/2023,111
19/01/2023,106
20/01/2023,99
21/01/2023,88
22/01/2023,78
23/01/2023,71
24/01/2023,67
25/01/2023,65
26/01/2023,63
27/01/2023,61
28/01/2023,59
29/01/2023,57
30/01/2023,55
31/01/2023,55
01/02/2023,80
02/02/2023,128
03/02/2023,105
04/02/2023,82
05/02/2023,72
06/02/2023,64
07/02/2023,57
08/02/2023,53
09/02/2023,49
10/02/2023,46
11/02/2023,45
12/02/2023,42
13/02/2023,40
14/02/2023,39
15/02/2023,37
16/02/2023,35
17/02/2023,34
18/02/2023,33
19/02/2023,33
20/02/2023,31
21/02/2023,31
22/02/2023,31
23/02/2023,31
24/02/2023,30
25/02/2023,44
26/02/2023,30
27/02/2023,29
28/02/2023,28
01/03/2023,29
02/03/2023,29
03/03/2023,28
04/03/2023,27
05/03/2023,28
06/03/2023,28
07/03/2023,28
08/03/2023,30
09/03/2023,52
10/03/2023,43
11/03/2023,114
12/03/2023,168
13/03/2023,157
14/03/2023,318
15/03/2023,242
16/03/2023,131
17/03/2023,86
18/03/2023,68
19/03/2023,64
20/03/2023,56
21/03/2023,50
22/03/2023,47
23/03/2023,44
24/03/2023,50
25/03/2023,111
26/03/2023,104
27/03/2023,223
28/03/2023,122
29/03/2023,85
30/03/2023,71
31/03/2023,65
01/04/2023,69
02/04/2023,111
03/04/2023,92
04/04/2023,83
05/04/2023,71
06/04/2023,63
07/04/2023,221
08/04/2023,293
09/04/2023,181
10/04/2023,102
11/04/2023,86
12/04/2023,100
13/04/2023,223
14/04/2023,125
15/04/2023,142
16/04/2023,149
17/04/2023,121
18/04/2023,100
19/04/2023,84
20/04/2023,75
21/04/2023,65
22/04/2023,57
23/04/2023,55
24/04/2023,59
25/04/2023,54
26/04/2023,47
27/04/2023,45
28/04/2023,49
29/04/2023,44
30/04/2023,41
01/05/2023,40
02/05/2023,37
03/05/2023,36
04/05/2023,36
05/05/2023,44
06/05/2023,36
07/05/2023,42
08/05/2023,41
09/05/2023,90
10/05/2023,281
11/05/2023,126
12/05/2023,77
13/05/2023,62
14/05/2023,55
15/05/2023,58
16/05/2023,54
17/05/2023,50
18/05/2023,48
19/05/2023,45
20/05/2023,42
21/05/2023,40
22/05/2023,37
23/05/2023,35
24/05/2023,34
25/05/2023,33
26/05/2023,32
27/05/2023,31
28/05/2023,31
29/05/2023,30
30/05/2023,29
31/05/2023,28
01/06/2023,28
02/06/2023,28
03/06/2023,27
04/06/2023,27
05/06/2023,27
06/06/2023,26
07/06/2023,26
08/06/2023,27
09/06/2023,25
10/06/2023,25
11/06/2023,25
12/06/2023,24
13/06/2023,24
14/06/2023,24
15/06/2023,23
16/06/2023,23
17/06/2023,23
18/06/2023,23
19/06/2023,25
20/06/2023,23
21/06/2023,32
22/06/2023,26
23/06/2023,36
24/06/2023,23
25/06/2023,23
26/06/2023,22
27/06/2023,22
28/06/2023,22
29/06/2023,22
30/06/2023,39
01/07/2023,23
02/07/2023,22
03/07/2023,21
04/07/2023,25
05/07/2023,29
06/07/2023,22
07/07/2023,21
08/07/2023,53
09/07/2023,23
10/07/2023,31
11/07/2023,31
12/07/2023,30
13/07/2023,22
14/07/2023,21
15/07/2023,21
16/07/2023,22
17/07/2023,20
18/07/2023,20
19/07/2023,20
20/07/2023,20
21/07/2023,20
22/07/2023,19
23/07/2023,19
24/07/2023,35
25/07/2023,42
26/07/2023,36
27/07/2023,22
28/07/2023,20
29/07/2023,21
30/07/2023,25
31/07/2023,20
01/08/2023,34
02/08/2023,28
03/08/2023,25
04/08/2023,22
05/08/2023,21
06/08/2023,37
07/08/2023,25
08/08/2023,21
09/08/2023,20
10/08/2023,19
11/08/2023,19
12/08/2023,19
13/08/2023,19
14/08/2023,19
15/08/2023,18
16/08/2023,18
17/08/2023,18
18/08/2023,18
19/08/2023,18
20/08/2023,17
21/08/2023,18
22/08/2023,17
23/08/2023,17
24/08/2023,18
25/08/2023,25
26/08/2023,20
27/08/2023,21
28/08/2023,19
29/08/2023,31
30/08/2023,19
31/08/2023,20
01/09/2023,17
02/09/2023,17
03/09/2023,17
04/09/2023,18
05/09/2023,17
06/09/2023,17
07/09/2023,17
08/09/2023,17
09/09/2023,17
10/09/2023,16
11/09/2023,16
12/09/2023,17
13/09/2023,19
14/09/2023,17
15/09/2023,16
16/09/2023,16
17/09/2023,16
18/09/2023,22
19/09/2023,17
20/09/2023,16
21/09/2023,17
22/09/2023,19
23/09/2023,17
24/09/2023,16
25/09/2023,16
26/09/2023,16
27/09/2023,16
28/09/2023,16
29/09/2023,16
30/09/2023,16
01/10/2023,16
02/10/2023,16
03/10/2023,16
04/10/2023,16
05/10/2023,17
06/10/2023,17
07/10/2023,17
08/10/2023,17
09/10/2023,17
10/10/2023,17
11/10/2023,17
12/10/2023,16
13/10/2023,16
14/10/2023,19
15/10/2023,17
16/10/2023,16
17/10/2023,16
18/10/2023,16
19/10/2023,21
20/10/2023,28
21/10/2023,19
22/10/2023,15
23/10/2023,16
24/10/2023,40
25/10/2023,18
26/10/2023,31
27/10/2023,67
28/10/2023,32
29/10/2023,19
30/10/2023,24
31/10/2023,24
01/11/2023,19
02/11/2023,41
03/11/2023,31
04/11/2023,25
05/11/2023,37
06/11/2023,46
07/11/2023,40
08/11/2023,29
09/11/2023,26
10/11/2023,147
11/11/2023,153
12/11/2023,203
13/11/2023,207
14/11/2023,355
15/11/2023,315
16/11/2023,294
17/11/2023,320
18/11/2023,280
19/11/2023,270
20/11/2023,211
21/11/2023,126
22/11/2023,109
23/11/2023,89
24/11/2023,88
25/11/2023,101
26/11/2023,160
27/11/2023,169
28/11/2023,319
29/11/2023,262
30/11/2023,210
01/12/2023,360
02/12/2023,295
03/12/2023,193
04/12/2023,116
05/12/2023,214
06/12/2023,221
07/12/2023,173
08/12/2023,125
09/12/2023,135
10/12/2023,275
11/12/2023,280
12/12/2023,305
13/12/2023,307
14/12/2023,308
15/12/2023,271
16/12/2023,181
17/12/2023,121
18/12/2023,92
19/12/2023,78
20/12/2023,80
21/12/2023,78
22/12/2023,201
23/12/2023,278
24/12/2023,183
25/12/2023,117
26/12/2023,87
27/12/2023,74
28/12/2023,65
29/12/2023,59
30/12/2023,53
31/12/2023,74
