Month,Site.ID,Group,Mg/Ca Ratio,Sr/Ca Ratio,ln(Mg/Ca),ln(Sr/Ca)
01.02.22,GF1,Drip_GF,0.029865705,0.001403087,-3.511044462,-6.569080619
01.02.22,GF2,Drip_GF,0.015631055,0.000645911,-4.158495612,-7.344848245
01.02.22,GF3,Drip_GF,0.042422045,0.001631617,-3.160087124,-6.418183662
01.02.22,GR1,Drip_GR,0.06605662,0.002573635,-2.717243027,-5.96243616
01.02.22,GR2,Drip_GR,0.011102403,0.00039185,-4.500593677,-7.844632644
01.02.22,GR3,Drip_GR,0.008944929,0.000323311,-4.716668454,-8.036896773
01.02.22,GR4,Drip_GR,0.032175399,0.001138952,-3.436553136,-6.777646594
01.02.22,GR5,Drip_GR,0.006286612,0.000285755,-5.069332927,-8.16037538
01.02.22,GR6,Drip_GR,0.00934466,0.000485437,-4.672950201,-7.630461262
01.02.22,SW-03,Soil,0.030267753,0.000582072,-3.497672384,-7.448916103
01.02.22,SW-05,Soil,0.025433526,0.000693642,-3.671687054,-7.273555131
01.02.22,SW-06,Soil,0.018312102,0.000530786,-4.000193131,-7.541152455
01.04.22,GF1,Drip_GF,0.036978341,0.001848917,-3.297422909,-6.293155183
01.04.22,GF2,Drip_GF,0.046635071,0.001516588,-3.065402422,-6.491292417
01.04.22,GF3,Drip_GF,0.040942323,0.001462226,-3.195590951,-6.527795461
01.04.22,GR1,Drip_GR,0.07916796,0.002794163,-2.536183604,-5.880222572
01.04.22,GR2,Drip_GR,0.013498313,0.000421822,-4.305190586,-7.770926489
01.04.22,GR3,Drip_GR,0.022781514,0.0006509,-3.781805843,-7.337153904
01.04.22,GR4,Drip_GR,0.038228315,0.001318218,-3.264178799,-6.631474629
01.04.22,GR5,Drip_GR,0.005909925,0.000254738,-5.131122206,-8.275274485
01.04.22,GR6,Drip_GR,0.013230074,0.000645369,-4.325262691,-7.345687577
01.04.22,SW-01,Soil,0.034625045,0.000717618,-3.363178019,-7.239573847
01.04.22,SW-05,Soil,0.023080151,0.000629459,-3.768782292,-7.370650369
01.06.22,GF1,Drip_GF,0.035426389,0.001697073,-3.340298271,-6.378850542
01.06.22,GF2,Drip_GF,0.045081967,0.001603706,-3.099272952,-6.435437864
01.06.22,GF3,Drip_GF,0.042950185,0.001584228,-3.147714327,-6.447657975
01.06.22,GR1,Drip_GR,0.075023155,0.002778635,-2.589958476,-5.885795342
01.06.22,GR2,Drip_GR,0.025174477,0.000747757,-3.681924632,-7.19843286
01.06.22,GR3,Drip_GR,0.030271669,0.000776197,-3.497543026,-7.161104672
01.06.22,GR4,Drip_GR,0.045989598,0.001642486,-3.079340047,-6.411544558
01.06.22,GR5,Drip_GR,0.00772619,0.00028883,-4.863139472,-8.149673946
01.06.22,GR6,Drip_GR,0.016930274,0.000891067,-4.078651898,-7.023090878
01.06.22,RW,River,0.067867398,0.001566171,-2.690199514,-6.459121675
01.08.22,GF1,Drip_GF,0.034633083,0.001695326,-3.362945896,-6.379880377
01.08.22,GF3,Drip_GF,0.038174415,0.001357313,-3.265589761,-6.602248622
01.08.22,GR1,Drip_GR,0.077758319,0.002802102,-2.55414974,-5.87738558
01.08.22,GR2,Drip_GR,0.023249599,0.00080171,-3.761467388,-7.128763218
01.08.22,GR3,Drip_GR,0.028745163,0.000829187,-3.549285767,-7.095064377
01.08.22,GR4,Drip_GR,0.015029478,0.000581251,-4.197741826,-7.450328708
01.08.22,GR5,Drip_GR,0.008562894,0.000331895,-4.760317047,-8.010691539
01.08.22,GR6,Drip_GR,0.008751158,0.000411819,-4.738569217,-7.794926112
01.08.22,RW,River,0.053413711,0.001121548,-2.929687807,-6.793045641
01.08.22,SW-03,Soil,0.018937003,0.000883727,-3.966637445,-7.03136259
01.10.22,GF1,Drip_GF,0.033781114,0.001382853,-3.387853385,-6.583606792
01.10.22,GF2,Drip_GF,0.043506922,0.001647989,-3.134835237,-6.408199247
01.10.22,GF3,Drip_GF,0.038518794,0.001488649,-3.256608996,-6.509886247
01.10.22,GR1,Drip_GR,0.054923414,0.002188184,-2.901815545,-6.124683391
01.10.22,GR2,Drip_GR,0.02303523,0.000813008,-3.770730481,-7.114769448
01.10.22,GR3,Drip_GR,0.010851111,0.000369085,-4.523487813,-7.904482487
01.10.22,GR4,Drip_GR,0.024116371,0.000893199,-3.724864372,-7.020701238
01.10.22,GR5,Drip_GR,0.007696448,0.000322928,-4.866996382,-8.038081543
01.10.22,GR6,Drip_GR,0.010613074,0.000564525,-4.545668604,-7.479525473
01.10.22,RW,River,0.040335373,0.001133016,-3.210526459,-6.782872097
01.10.22,SW-01,Soil,0.040394089,0.000837438,-3.209071825,-7.085162821
01.10.22,SW-06,Soil,0.017838405,0.00059961,-4.02640156,-7.419230692
01.12.22,GF1,Drip_GF,0.013917565,0.000688231,-4.274603554,-7.281385664
01.12.22,GF2,Drip_GF,0.018453527,0.000622665,-3.992499786,-7.381501895
01.12.22,GR1,Drip_GR,0.0257398,0.001050604,-3.659716832,-6.858389949
01.12.22,GR3,Drip_GR,0.011726228,0.000319081,-4.445927197,-8.050065423
01.12.22,GR4,Drip_GR,0.017933884,0.000661157,-4.021063378,-7.32151919
01.12.22,GR5,Drip_GR,0.006368284,0.000269082,-5.05642521,-8.220492798
01.12.22,RW,River,0.030269148,0.000798658,-3.497626309,-7.132577421
01.12.22,SW-06,Soil,0.017741295,0.000529591,-4.031860314,-7.543405753
01.02.23,GF1,Drip_GF,0.032518502,0.001569859,-3.425946062,-6.456769656
01.02.23,GF2,Drip_GF,0.040070243,0.001436782,-3.217121299,-6.54534966
01.02.23,GF3,Drip_GF,0.042526965,0.001540832,-3.157616944,-6.475432717
01.02.23,GR1,Drip_GR,0.074053758,0.002468459,-2.602963996,-6.004161378
01.02.23,GR2,Drip_GR,0.009609949,0.000339175,-4.64495635,-7.988995318
01.02.23,GR4,Drip_GR,0.038555393,0.001464129,-3.255659296,-6.52649486
01.02.23,GR6,Drip_GR,0.014832632,0.000801764,-4.210925675,-7.128696407
01.02.23,RW,River,0.060379125,0.001404166,-2.807111851,-6.568311966
01.02.23,SW-O3,Soil,0.015690777,0.000382702,-4.154682199,-7.868254266
01.04.23,GF1,Drip_GF,0.03575419,0.001675978,-3.331087815,-6.39135861
01.04.23,GF2,Drip_GF,0.015308051,0.000566965,-4.179376386,-7.475213252
01.04.23,GF3,Drip_GF,0.035360212,0.001321877,-3.34216806,-6.628702533
01.04.23,GR1,Drip_GR,0.074385729,0.003029283,-2.598491174,-5.799429298
01.04.23,GR2,Drip_GR,0.024904776,0.000878992,-3.692695692,-7.03673466
01.04.23,GR3,Drip_GR,0.029846873,0.000778614,-3.511675216,-7.157995056
01.04.23,GR4,Drip_GR,0.032328011,0.001182732,-3.43182121,-6.739928168
01.04.23,GR5,Drip_GR,0.007059895,0.000303651,-4.953325066,-8.099630198
01.04.23,GR6,Drip_GR,0.015854512,0.000932618,-4.144301179,-6.977514523
01.04.23,RW,River,0.048489666,0.001192369,-3.026404573,-6.731813329
01.04.23,SW-O6,Soil,0.016932595,0.000434169,-4.078514802,-7.742076448
01.06.23,GF1,Drip_GF,0.027079776,0.00121981,-3.608968119,-6.709060408
01.06.23,GF3,Drip_GF,0.026410564,0.0010004,-3.633991189,-6.907355199
01.06.23,GR1,Drip_GR,0.0434375,0.001875,-3.136432156,-6.27914662
01.06.23,GR2,Drip_GR,0.009962364,0.000221386,-4.608940846,-8.415603336
01.06.23,GR4,Drip_GR,0.024283765,0.000818554,-3.717947245,-7.107971326
01.06.23,GR5,Drip_GR,0.007196634,0.000332152,-4.934141836,-8.009916817
01.06.23,GR6,Drip_GR,0.016997747,0.000819169,-4.074674456,-7.107220703
01.06.23,RW,River,0.036059392,0.000707047,-3.322587924,-7.254413557
01.06.23,SW-O6,Soil,0.015934779,0.000555864,-4.139251226,-7.494986234
01.08.23,GF1,Drip_GF,0.00970285,0.000606428,-4.6353356,-7.407924323
01.08.23,GF2,Drip_GF,0.015592754,0.000687916,-4.160948963,-7.281844379
01.08.23,GR1,Drip_GR,0.02500812,0.000974342,-3.688554726,-6.933747859
01.08.23,GR2,Drip_GR,0.010991058,0.000372578,-4.510673235,-7.895063498
01.08.23,GR3,Drip_GR,0.008472525,0.000484144,-4.770926726,-7.633127607
01.08.23,GR4,Drip_GR,0.020408163,0.000658328,-3.891820298,-7.325807503
01.08.23,GR5,Drip_GR,0.00614611,0.000279369,-5.091935951,-8.182978405
01.08.23,GR6,Drip_GR,0.006386067,0.000290276,-5.05363673,-8.144679183
01.08.23,RW,River,0.029363785,0.000652529,-3.527993178,-7.334655668
01.10.23,GF1,Drip_GF,0.02672751,0.001303781,-3.622061915,-6.642486801
01.10.23,GF2,Drip_GF,0.034701987,0.001192053,-3.360958338,-6.732078265
01.10.23,GR2,Drip_GR,0.016751003,0.000523469,-4.089297123,-7.555033026
01.10.23,GR3,Drip_GR,0.030058322,0.000672948,-3.504615714,-7.303843225
01.10.23,GR4,Drip_GR,0.017063492,0.000793651,-4.070814065,-7.138867
01.10.23,GR5,Drip_GR,0.006487266,0.000240269,-5.037914141,-8.333751007
01.10.23,GR6,Drip_GR,0.008348457,0.000362976,-4.785678506,-7.921172722
01.10.23,RW,River,0.044301657,0.000676361,-3.116733197,-7.298783339
01.01.24,GF1,Drip_GF,0.019127205,0.000742804,-3.956643601,-7.205078228
01.01.24,GF2,Drip_GF,0.020405291,0.000703631,-3.891961034,-7.259256864
01.01.24,GF3,Drip_GF,0.019224168,0.000858222,-3.951587066,-7.060648025
01.01.24,GR1,Drip_GR,0.024128686,0.001072386,-3.724353842,-6.837869152
01.01.24,GR2,Drip_GR,0.01293469,0.000424088,-4.347842397,-7.765569081
01.01.24,GR3,Drip_GR,0.019110493,0.000521195,-3.957517702,-7.559385779
01.01.24,GR4,Drip_GR,0.014503817,0.000763359,-4.233343437,-7.177782416
01.01.24,GR5,Drip_GR,0.0052,0.000266667,-5.259096653,-8.229511119
01.01.24,GR6,Drip_GR,0.00917768,0.000550661,-4.690980842,-7.504391559
01.01.24,RW,River,0.026351351,0.000675676,-3.636235721,-7.299797367