Sample Name,Month,Site ID,Group,23 -> 23  Na  [ He ] ,Conc. RSD,Na RSD,25 -> 25  Mg  [ H2 ] ,Conc. RSD,Mg RSD,27 -> 27  Al  [ No Gas ] ,Conc. RSD,Al RSD,28 -> 44  Si  [ O2 ] ,Conc. RSD,Si RSD,31 -> 47  P  [ O2 ] ,Conc. RSD,P RSD,32 -> 48  S  [ O2 ],Conc. RSD,S RSD,39 -> 39  K  [ H2 ] ,Conc. RSD,K RSD,43 -> 43  Ca  [ No Gas ] ,Conc. RSD,Ca RSD,53 -> 53  Cr  [ No Gas ],Conc. RSD,Cr RSD,55 -> 55  Mn  [ H2 ],Conc. RSD,Mn RSD,66 -> 66  Zn  [ No Gas ] ,Conc. RSD,Zn RSD,86 -> 86  Sr  [ No Gas ] ,Conc. RSD,Sr RSD,138 -> 138  Ba  [ No Gas ] ,Conc. RSD,Ba RSD,56 -> 56  Fe  [ H2 ],Conc. RSD,Fe RSD
DW-GF1-DOM-2,Feb.22,GF1,Drip,1.91,1.02,0.02,1.49,0.99,0.01,1.59,0.79,0.01,5.98,2.69,0.16,0.01,7.38,0,2.34,1.12,0.03,0.58,0.38,0,49.89,0.97,0.48,0,15.15,0,0,2.66,0,0.03,1.13,0,0.07,0.67,0,0.01,0.83,0,0,2.63,0
DW-GF2-DOM-2,Feb.22,GF2,Drip,2.81,1.68,0.05,2.42,1.5,0.04,0.68,0.86,0.01,5.25,0.95,0.05,0.48,1.11,0.01,4.2,2.74,0.12,1.07,1.08,0.01,154.82,0.17,0.26,0,23.5,0,0,5.06,0,0.02,1.42,0,0.1,2.49,0,0.01,1.09,0,0.01,1.25,0
DW-GF3-DOM-2,Feb.22,GF3,Drip,2.9,0.92,0.03,2.34,0.12,0,1.61,1.88,0.03,4.99,0.81,0.04,0,17.09,0,3.2,0.75,0.02,1.33,0.55,0.01,55.16,2.87,1.58,0,34.27,0,0,0.4,0,0.01,6.12,0,0.09,2.25,0,0.01,2.79,0,0,4.31,0
DW-GR1-DOM-2,Feb.22,GR1,Drip,2.78,1.19,0.03,2.31,1.94,0.04,2.28,1.16,0.03,9.14,3.14,0.29,0.02,6.08,0,2.09,0.41,0.01,0.3,2.62,0.01,34.97,1.44,0.5,0,3.34,0,0,1.67,0,0.01,2.94,0,0.09,0.78,0,0.02,0.58,0,0.01,1.11,0
DW-GR2-DOM-2,Feb.22,GR2,Drip,2.86,0.49,0.01,0.85,1.15,0.01,0.8,1.02,0.01,7.15,1.29,0.09,3.07,0.25,0.01,4,1.74,0.07,0.37,1.47,0.01,76.56,1.43,1.09,0,13.07,0,0,0.64,0,0.02,2.26,0,0.03,1.51,0,0.01,0.24,0,0,1,0
DW-GR3-DOM-2,Feb.22,GR3,Drip,10.93,0.56,0.06,0.83,1.45,0.01,1.64,0.68,0.01,4,1.77,0.07,0.36,0.74,0,3.51,1.42,0.05,0.36,2.17,0.01,92.79,0.45,0.42,0,31.04,0,0,3.75,0,0.02,4.69,0,0.03,1.51,0,0.01,0.1,0,0,4.51,0
DW-GR4-DOM-2,Feb.22,GR4,Drip,13.84,0.9,0.12,1.13,0.59,0.01,4.28,0.42,0.02,3.87,2.15,0.08,0.17,1.76,0,3.87,1.95,0.08,0.61,1.43,0.01,35.12,0.59,0.21,0,15.4,0,0,2.92,0,0.01,4.56,0,0.04,1.13,0,0.01,0.37,0,0.02,0.74,0
DW-GR5-DOM-2,Feb.22,GR5,Drip,28.45,0.86,0.24,0.88,0.99,0.01,2.43,0.59,0.01,3.83,2.5,0.1,0.01,2.57,0,2.85,0.28,0.01,1.24,1.19,0.01,139.98,1.56,2.18,0,3.31,0,0,1.1,0,0.09,0.29,0,0.04,2.21,0,0.02,1.28,0,0.14,0.94,0
DW-GR6-DOM-2,Feb.22,GR6,Drip,2.5,0.99,0.02,0.77,1.18,0.01,1.22,0.17,0,5.8,0.67,0.04,0.27,0.44,0,4.55,2.11,0.1,0.59,1.25,0.01,82.4,1.67,1.38,0,3.68,0,0,4.31,0,0.11,0.26,0,0.04,0.82,0,0.01,0.83,0,0,2.52,0
SW-O2-DOM-2,Feb.22,SW-02,Soil,1.47,0.63,0.01,0.24,2.77,0.01,0.79,2.37,0.02,9.91,1.19,0.12,0.02,5.13,0,1.91,0.35,0.01,0.26,1.51,0,3.69,1.14,0.04,0,21.24,0,0.01,1.98,0,0.04,2.03,0,0,3,0,0.03,1.68,0,0.01,0.5,0
SW-O3-DOM-2,Feb.22,SW-03,Soil,1.68,0.84,0.01,1.04,1.25,0.01,2.44,0.73,0.02,6.01,0.91,0.05,0.03,4.31,0,0.68,0.74,0.01,1.1,1.06,0.01,34.36,1.28,0.44,0,37.61,0,0,1.7,0,0.02,0.49,0,0.02,0.67,0,0.03,0.52,0,0,1.76,0
SW-O5-DOM-2,Feb.22,SW-05,Soil,0.95,1.68,0.02,1.1,1.03,0.01,2.2,0.87,0.02,8.35,1.69,0.14,2.66,0.48,0.01,1.9,0.89,0.02,0.29,0.37,0,43.25,0.66,0.29,0,16.2,0,0,0.4,0,0.04,1.13,0,0.03,1.79,0,0.04,0.58,0,0.01,0.3,0
SW-O6-DOM-2,Feb.22,SW-06,Soil,0.76,1.05,0.01,0.69,1.46,0.01,23.7,1.39,0.33,11.31,2.29,0.26,0.09,2.44,0,0.22,2.7,0.01,0.21,1.24,0,37.68,1.77,0.67,0,5.91,0,0.01,0.6,0,0.03,1.94,0,0.02,2.19,0,0.1,2.3,0,0.03,0.91,0
DW-GF1-DOM-3,Apr.22,GF1,Drip,1.85,0.21,0,1.4,0.24,0,0.7,0.21,0,6.06,1.85,0.11,0.03,3.05,0,2.17,0.61,0.01,0.6,1.05,0.01,37.86,0.65,0.25,0,28.09,0,0,1.3,0,0.07,0.99,0,0.07,1.82,0,0.01,0.38,0,0,1.94,0
DW-GF2-DOM-3,Apr.22,GF2,Drip,3.16,0.25,0.01,2.46,0.5,0.01,0.92,1.01,0.01,5.06,1.11,0.06,0.07,2.12,0,3.21,0.31,0.01,1.05,0.23,0,52.75,0.8,0.42,0,7.64,0,0,0.55,0,0.05,0.92,0,0.08,0.94,0,0.01,1.34,0,0,3.2,0
DW-GF3-DOM-3,Apr.22,GF3,Drip,3.09,0.56,0.02,2.52,0.96,0.02,12.48,0.52,0.06,4.95,1.74,0.09,0.19,2.5,0,3.18,1.81,0.06,1.19,0.29,0,61.55,1.16,0.71,0,25.83,0,0,1.74,0,0.07,0.95,0,0.09,0.2,0,0.01,0.6,0,0.02,1.57,0
DW-GR1-DOM-3,Apr.22,GR1,Drip,2.95,0.17,0.01,2.55,0.3,0.01,1.04,1.36,0.01,9.63,0.92,0.09,0.01,8.19,0,2.09,0.66,0.01,0.25,0.48,0,32.21,1.81,0.58,0,3.28,0,0,1.2,0,0.01,1.71,0,0.09,1.78,0,0.02,1.5,0,0,1.58,0
DW-GR2-DOM-3,Apr.22,GR2,Drip,2.88,0.93,0.03,0.96,1.38,0.01,1.4,1.11,0.02,7.14,0.88,0.06,0.03,6.13,0,3.99,1.06,0.04,0.28,0.43,0,71.12,1.31,0.93,0,6.73,0,0,1.94,0,0.01,2.64,0,0.03,3.66,0,0.01,1.77,0,0,4.9,0
DW-GR3-DOM-3,Apr.22,GR3,Drip,10.31,0.36,0.04,1.05,1.91,0.02,2.46,1.24,0.03,4.28,0.82,0.04,0.03,6.97,0,4.63,2.61,0.12,0.37,0.85,0,46.09,2.53,1.17,0,10.34,0,0,0.56,0,0.02,1.47,0,0.03,0.83,0,0.01,1.05,0,0.01,0.89,0
DW-GR4-DOM-3,Apr.22,GR4,Drip,14.15,1.11,0.16,1.45,0.89,0.01,3.4,0.39,0.01,4.3,3.05,0.13,0.06,1.39,0,4.45,0.37,0.02,0.76,1.33,0.01,37.93,0.76,0.29,0,27.21,0,0,2.23,0,0.02,1.67,0,0.05,1.26,0,0.01,1,0,0.01,2.95,0
DW-GR5-DOM-3,Apr.22,GR5,Drip,40.16,0.66,0.27,1.16,1.44,0.02,3.44,0.56,0.02,4.9,2.21,0.11,0.2,1.57,0,3.67,1.09,0.04,0.88,0.87,0.01,196.28,0.1,0.2,0,14.49,0,0,1.79,0,0.02,1.37,0,0.05,2.52,0,0.03,0.85,0,0,3.73,0
DW-GR6-DOM-3,Apr.22,GR6,Drip,2.81,0.84,0.02,0.82,1.31,0.01,2.12,0.66,0.01,5.94,2.04,0.12,0.08,2.58,0,5.68,1.2,0.07,0.46,0.55,0,61.98,1.36,0.84,0,2.44,0,0,0.86,0,0.01,2.51,0,0.04,1.69,0,0.01,1.01,0,0,0.85,0
SW-O1-DOM-3,Apr.22,SW-01,Soil,1.73,0.75,0.01,3.86,2.1,0.08,5.47,0.36,0.02,15.82,1.74,0.28,0.26,0.52,0,0.62,0.57,0,17.13,0.33,0.06,111.48,1.17,1.3,0,10.29,0,0,0.69,0,0.08,1.34,0,0.08,1.22,0,0.09,0.7,0,0.01,0.97,0
SW-O2-DOM-3,Apr.22,SW-02,Soil,1.73,0.81,0.01,0.22,1.57,0,0.9,0.45,0,12.56,1.88,0.24,0.14,2.28,0,2.13,0.49,0.01,0.86,0.32,0,5.03,3.94,0.2,0,9.01,0,0.01,1.39,0,0.19,0.78,0,0,1.87,0,0.02,1.35,0,0.01,2.2,0
SW-O5-DOM-3,Apr.22,SW-05,Soil,0.96,1.17,0.01,1.1,1.05,0.01,2.78,0.87,0.02,18.33,1.96,0.36,0.02,6.67,0,1.87,0.84,0.02,0.32,1.03,0,47.66,1.51,0.72,0,9.2,0,0,1.43,0,0.03,0.8,0,0.03,2.65,0,0.07,0.74,0,0.01,0.71,0
DW-GF1-DOM-4,Jun.22,GF1,Drip,2.17,1.03,0.02,1.67,1.14,0.02,1.85,0.72,0.01,6.6,3.08,0.2,0.01,6.32,0,2.27,0.51,0.01,0.9,1.63,0.01,47.14,2.68,1.26,0,18.66,0,0,4.78,0,0.09,1.38,0,0.08,0.98,0,0.01,0.6,0,0,1.66,0
DW-GF2-DOM-4,Jun.22,GF2,Drip,2.91,1.2,0.03,2.53,1.61,0.04,1.38,1.36,0.02,4.94,1.07,0.05,0.01,6.79,0,3.14,2.01,0.06,1,1.08,0.01,56.12,1.27,0.71,0,66.46,0,0,2.24,0,0.01,1.53,0,0.09,1.05,0,0.01,1.88,0,0.03,1.43,0
DW-GF3-DOM-4,Jun.22,GF3,Drip,3.14,0.44,0.01,2.44,0.95,0.02,3.89,0.93,0.04,5.37,1.82,0.1,2.46,0.29,0.01,3.52,0.22,0.01,1.14,0.26,0,56.81,1.43,0.81,0,16.28,0,0,0.16,0,0.06,1.29,0,0.09,1.12,0,0.01,2.12,0,0.03,3.47,0
DW-GR1-DOM-4,Jun.22,GR1,Drip,3.21,0.96,0.03,2.43,0.89,0.02,0.66,1.31,0.01,9.32,2.02,0.19,0.01,10.87,0,2.04,0.27,0.01,0.21,0.33,0,32.39,0.6,0.19,0,3.11,0,0,4.57,0,0.01,1.39,0,0.09,1.32,0,0.02,1.83,0,0,3.75,0
DW-GR2-DOM-4,Jun.22,GR2,Drip,3.04,0.17,0.01,1.01,2.14,0.02,0.36,0.98,0,7.41,0.43,0.03,0.04,3.03,0,4.06,0.68,0.03,0.28,0.59,0,40.12,0.19,0.08,0,4.84,0,0,2.67,0,0.01,1.66,0,0.03,1.5,0,0.01,0.82,0,0,1.75,0
DW-GR3-DOM-4,Jun.22,GR3,Drip,9.86,1.24,0.12,1.17,0.55,0.01,1.47,0.71,0.01,4.4,0.15,0.01,0.07,3.5,0,4.18,1.71,0.07,0.45,1.64,0.01,38.65,1.31,0.51,0,12.69,0,0,1.32,0,0.01,2.09,0,0.03,2.18,0,0.01,0.55,0,0.03,0.66,0
DW-GR4-DOM-4,Jun.22,GR4,Drip,11.49,0.21,0.02,1.68,2.34,0.04,1.13,0.4,0,4.15,0.91,0.04,0.23,1.77,0,4.1,2.73,0.11,0.9,1.25,0.01,36.53,1.18,0.43,0,27.11,0,0,1.47,0,0.02,0.45,0,0.06,0.3,0,0.01,0.61,0,0,4.38,0
DW-GR5-DOM-4,Jun.22,GR5,Drip,33.18,0.64,0.21,1.07,1.64,0.02,0.36,0.98,0,4.75,2.37,0.11,0.28,2.4,0.01,3.16,0.36,0.01,0.83,1.25,0.01,138.49,1.42,1.97,0,1.53,0,0,4.47,0,0.03,1.27,0,0.04,0.39,0,0.02,0.41,0,0,2.81,0
DW-GR6-DOM-4,Jun.22,GR6,Drip,2.34,1.31,0.03,0.76,1.81,0.01,1.26,1.06,0.01,5.09,3.4,0.17,0.09,0.85,0,4.19,1.35,0.06,0.36,2.14,0.01,44.89,1.51,0.68,0,4.9,0,0,3.25,0,0.02,2.88,0,0.04,1.34,0,0.01,0.67,0,0,2.97,0
RW-Weir-DOM-4,Jun.22,RW,River,3.94,0.9,0.04,2.6,1.14,0.03,2.12,0.66,0.01,4.56,2.12,0.1,0.21,1.84,0,2.59,0.92,0.02,1.8,1.62,0.03,38.31,0.8,0.31,0,10.33,0,0,1.63,0,0.04,0.71,0,0.06,0.93,0,0.01,0.5,0,0,2.41,0
DW-GF1-DOM-5,Aug.22,GF1,Drip,1.82,1.66,0.03,1.43,0.16,0,3.73,1.8,0.07,5.41,1.85,0.1,0.01,10.94,0,1.97,0.61,0.01,0.51,0.73,0,41.29,1.01,0.42,0,7.28,0,0,2.6,0,0.05,0.6,0,0.07,0.63,0,0.01,1.26,0,0.01,1.39,0
DW-GF3-DOM-5,Aug.22,GF3,Drip,2.5,1.43,0.04,2.25,0.72,0.02,9.61,2.67,0.26,4.26,1.96,0.08,0.02,5.27,0,2.73,0.76,0.02,1,0.45,0,58.94,1.54,0.91,0,13.29,0,0,2.45,0,0.02,2.45,0,0.08,1.84,0,0.01,2.09,0,0.01,1.19,0
DW-GR1-DOM-5,Aug.22,GR1,Drip,2.79,1.15,0.03,2.22,0.27,0.01,0.88,0.6,0.01,8.05,2.46,0.2,0.04,2.15,0,1.81,1.38,0.02,0.3,0.14,0,28.55,1.75,0.5,0,3.63,0,0,4.7,0,0.11,1.09,0,0.08,0.78,0,0.02,0.35,0,0,0.94,0
DW-GR2-DOM-5,Aug.22,GR2,Drip,2.39,1.64,0.04,0.87,3.22,0.03,3.41,1.02,0.03,5.72,1.75,0.1,0.02,2.01,0,3.25,0.21,0.01,0.33,1.54,0.01,37.42,0.67,0.25,0,8.27,0,0,3.29,0,0.06,2.34,0,0.03,2.48,0,0.01,0.88,0,0.05,1.74,0
DW-GR3-DOM-5,Aug.22,GR3,Drip,8.89,0.77,0.07,1.04,0.44,0,4.69,0.81,0.04,4.26,2.8,0.12,0.05,3.37,0,3.51,0.78,0.03,0.38,0.72,0,36.18,0.89,0.32,0,8.31,0,0,0.46,0,0.02,2.46,0,0.03,0.59,0,0.01,1.67,0,0,2.42,0
DW-GR4-DOM-5,Aug.22,GR4,Drip,17.35,0.39,0.07,1.81,1.69,0.03,1.31,0.37,0,4.75,1.3,0.06,4.21,1.54,0.06,4.51,0.1,0,0.82,1.31,0.01,120.43,0.6,0.72,0,5.85,0,0,1.48,0,0.02,1.03,0,0.07,1.17,0,0.02,0.8,0,0.1,1.02,0
DW-GR5-DOM-5,Aug.22,GR5,Drip,34.69,0.23,0.08,1.29,0.55,0.01,6.14,0.86,0.05,5.56,3.34,0.19,19.73,0.79,0.16,3.68,0.33,0.01,1.13,0.82,0.01,150.65,1.23,1.85,0,9.63,0,0,0.91,0,0.1,0.27,0,0.05,0.78,0,0.03,0.7,0,0.01,1.32,0
DW-GR6-DOM-5,Aug.22,GR6,Drip,2.64,0.44,0.01,0.85,1.32,0.01,1.88,1.17,0.02,5.56,2.23,0.12,0.66,1.31,0.01,4.75,0.84,0.04,0.37,1.37,0.01,97.13,2,1.94,0,5.21,0,0,6.01,0,0.01,1.39,0,0.04,0.89,0,0.01,1.22,0,0,1.82,0
RW-Weir-DOM-5,Aug.22,RW,River,6.52,1.03,0.07,3.81,1.77,0.07,1.49,1.84,0.03,5.44,2.99,0.16,0.04,1.29,0,3.81,0.89,0.03,5.51,0.61,0.03,71.33,1.52,1.08,0,23.33,0,0,3.05,0,0.01,3.79,0,0.08,1.73,0,0.01,2.66,0,0.03,1.74,0
SW-O3-DOM-5,Aug.22,SW-03,Soil,6.54,0.52,0.03,1.5,0.8,0.01,4.25,0.68,0.03,9.71,2.56,0.25,0.04,7.5,0,0.96,1.68,0.02,2.36,0.86,0.02,79.21,0.68,0.54,0,16.35,0,0,1.38,0,0.04,2.04,0,0.07,0.29,0,0.01,0.87,0,0.02,0.88,0
DW-GF1-DOM-6,Oct.22,GF1,Drip,2.15,0.78,0.02,1.71,0.82,0.01,0.47,1.51,0.01,6.18,1.54,0.1,0.02,13.32,0,2.35,0.21,0,0.51,0.98,0,50.62,0.77,0.39,0,34.38,0,0,1.49,0,0,6.2,0,0.07,1.05,0,0.01,1.65,0,0,2.33,0
DW-GF2-DOM-6,Oct.22,GF2,Drip,3.08,1.76,0.05,2.64,0.47,0.01,4.75,1.5,0.07,5.34,1.44,0.08,2.07,1.01,0.02,3.32,0.18,0.01,1,0.46,0,60.68,2.88,1.75,0,3.18,0,0,2.28,0,0.02,2.92,0,0.1,1.44,0,0.01,1.63,0,0.01,0.94,0
DW-GF3-DOM-6,Oct.22,GF3,Drip,2.22,0.13,0,2.07,1.08,0.02,34.62,1.16,0.4,4.09,3.3,0.13,0.01,2.59,0,2.34,0.34,0.01,0.96,0.89,0.01,53.74,1.57,0.84,0,6.24,0,0.01,1.08,0,0.02,2.09,0,0.08,2.37,0,0.01,1.49,0,0.07,0.54,0
DW-GR1-DOM-6,Oct.22,GR1,Drip,2.99,0.26,0.01,2.51,1.46,0.04,2.05,0.26,0.01,9.15,2,0.18,0.07,2.6,0,2.04,1.26,0.03,0.23,1.27,0,45.7,0.68,0.31,0,4.02,0,0,2.46,0,0.01,1.95,0,0.1,0.85,0,0.02,0.93,0,0.01,2.86,0
DW-GR2-DOM-6,Oct.22,GR2,Drip,2.37,0.72,0.02,0.85,1.54,0.01,1.46,0.32,0,5.78,3.5,0.2,0.05,4.69,0,3.41,0.67,0.02,0.39,2.63,0.01,36.9,1.46,0.54,0,9.15,0,0,3.35,0,0.07,1.44,0,0.03,1.92,0,0.01,1.29,0,0.01,0.41,0
DW-GR3-DOM-6,Oct.22,GR3,Drip,12.17,0.21,0.03,1.47,1.78,0.03,1.18,1.34,0.02,5.59,0.82,0.05,1.58,1.34,0.02,4.76,1.4,0.07,0.52,2.7,0.01,135.47,1.09,1.48,0,7.1,0,0,6.61,0,0.02,2.48,0,0.05,2.15,0,0.01,0.38,0,0,3.44,0
DW-GR4-DOM-6,Oct.22,GR4,Drip,18.88,0.13,0.02,1.89,0.95,0.02,5.75,0.5,0.03,4.94,2.48,0.12,0.6,0.3,0,4.46,1.53,0.07,0.96,1.01,0.01,78.37,0.77,0.6,0,35.35,0,0,0.66,0,0.02,1.14,0,0.07,0.49,0,0.02,1.23,0,0.01,1.55,0
DW-GR5-DOM-6,Oct.22,GR5,Drip,40.75,0.36,0.15,1.43,0.46,0.01,5.35,0.45,0.02,6.28,0.93,0.06,0.03,3.57,0,4.15,0.99,0.04,1.03,0.99,0.01,185.8,0.99,1.84,0,0.76,0,0,1.47,0,0.01,1.69,0,0.06,0.59,0,0.03,0.44,0,0.04,0.46,0
DW-GR6-DOM-6,Oct.22,GR6,Drip,2.95,1.22,0.04,0.94,1.66,0.02,5.51,0.46,0.03,6.07,0.78,0.05,0.05,2.29,0,5.13,1.52,0.08,0.57,0.51,0,88.57,1.35,1.2,0,4.04,0,0,1.39,0,0.07,1.99,0,0.05,0.37,0,0.01,0.93,0,0.01,1.74,0
RW-Weir-DOM-6,Oct.22,RW,River,5.57,0.29,0.02,3.56,1.77,0.06,3.63,0.58,0.02,4.97,2.09,0.1,0.03,8.63,0,4.96,1.13,0.06,4.3,0.42,0.02,88.26,2.01,1.77,0,9.05,0,0,0.44,0,0.06,0.86,0,0.1,1.66,0,0.01,0.92,0,0.01,0.86,0
SW-O1-DOM-6,Oct.22,SW-01,Soil,3.09,0.43,0.01,8.2,0.76,0.06,0.71,0.7,0,24.71,2.12,0.52,0.11,2.26,0,11.22,0.13,0.01,28.83,0.55,0.16,203,0.3,0.61,0,23.73,0,0,1.45,0,0.05,0.33,0,0.17,0.71,0,0.06,0.48,0,0,2.58,0
SW-O2-DOM-6,Oct.22,SW-02,Soil,1.63,1.02,0.02,0.26,1.91,0,0.84,1.89,0.02,15.55,0.48,0.07,0.06,1.28,0,1.78,0.26,0,0.33,1.67,0.01,4.09,2.03,0.08,0,10.68,0,0.01,0.78,0,0.03,1.7,0,0,5.82,0,0.01,1,0,0.01,9.93,0
SW-O6-DOM-6,Oct.22,SW-06,Soil,5.54,0.69,0.04,1.19,1.22,0.01,1.06,0.3,0,4.31,2.4,0.1,0.5,0.91,0,0.7,0.88,0.01,1.9,1.45,0.03,66.71,1.14,0.76,0,19.62,0,0,1.51,0,0.21,0.43,0,0.04,0.69,0,0.01,0.08,0,0.01,2.26,0
DW-GF1-DOM-7,Dec.22,GF1,Drip,2.29,1.63,0.04,1.82,1.52,0.03,0.81,1.12,0.01,6.51,3.22,0.21,0.33,0.73,0,2.62,0.32,0.01,0.77,1.29,0.01,130.77,1.17,1.53,0,201.56,0,0,1.34,0,0.05,1.02,0,0.09,2.27,0,0.01,0.64,0,0,3.14,0
DW-GF2-DOM-7,Dec.22,GF2,Drip,3.49,1.52,0.05,3.26,1.87,0.06,0.49,1.39,0.01,6.15,2.33,0.14,2.39,0.71,0.02,4.1,4.56,0.19,1.34,1.48,0.02,176.66,2.01,3.55,0,11.18,0,0,7.97,0,0.03,2.06,0,0.11,1.22,0,0.01,1.57,0,0,0.83,0
DW-GR1-DOM-7,Dec.22,GR1,Drip,3.52,0.95,0.03,2.94,1.21,0.04,5.2,0.4,0.02,9.79,1.7,0.17,0.3,1.23,0,2.24,1.1,0.02,0.35,1.45,0.01,114.22,1.08,1.23,0,3.46,0,0,1.75,0,0.03,2.66,0,0.12,1.35,0,0.03,0.92,0,0.01,5.03,0
DW-GR3-DOM-7,Dec.22,GR3,Drip,12.3,1.49,0.18,1.47,1.34,0.02,8.92,0.43,0.04,5.12,1.39,0.07,0.08,3.04,0,4.44,1.07,0.05,0.68,2.1,0.01,125.36,1.61,2.02,0,10.12,0,0,0.86,0,0.13,0.44,0,0.04,0.96,0,0.01,0.25,0,0.01,0.88,0
DW-GR4-DOM-7,Dec.22,GR4,Drip,15.79,0.2,0.03,2.17,0.13,0,4.66,1.03,0.05,4.98,2.08,0.1,0.29,0.73,0,4.75,0.72,0.03,1.31,1.16,0.02,121,1.11,1.34,0,18.88,0,0,1.89,0,0.23,1.12,0,0.08,0.84,0,0.02,0.64,0,0.02,1.47,0
DW-GR5-DOM-7,Dec.22,GR5,Drip,40.33,0.75,0.3,1.42,0.68,0.01,2.51,0.63,0.02,5.38,1.36,0.07,0.36,2.84,0.01,3.98,1.56,0.06,1.14,0.96,0.01,222.98,0.76,1.69,0,4.07,0,0,0.93,0,0.03,0.43,0,0.06,1.32,0,0.03,0.81,0,0.02,0.59,0
RW-Weir-DOM-7,Dec.22,RW,River,5.21,0.1,0.01,3.79,0.38,0.01,1.63,0.64,0.01,5.49,3.19,0.18,5.67,1.14,0.06,4.22,0.84,0.04,3.28,0.75,0.02,125.21,1.38,1.73,0,5.58,0,0,0.83,0,0.04,2.38,0,0.1,1.57,0,0.01,0.83,0,0.03,0.37,0
SW-O6-DOM-7,Dec.22,SW-06,Soil,5.57,0.44,0.02,1.34,1.22,0.02,5.65,0.15,0.01,3.66,0.83,0.03,0.16,2.29,0,0.99,0.12,0,1.28,0.9,0.01,75.53,0.6,0.45,0,7.17,0,0,1.65,0,0.03,1.87,0,0.04,0.83,0,0.01,0.36,0,0.01,1.17,0
GF1-8,Feb.23,GF1,Drip,2.03,0.43,0.01,1.45,2.42,0.04,0.22,1.3,0,5.84,1.35,0.08,0,11.74,0,2.45,0.75,0.02,0.46,2.19,0.01,44.59,1.43,0.64,0,34.91,0,0,4.52,0,0.01,1.46,0,0.07,0.84,0,0.01,0.11,0,0.002004302,1.139406145,0.175907622
GF2-8,Feb.23,GF2,Drip,3.64,0.49,0.02,2.51,3.86,0.1,0.01,0.66,0,4.97,2.44,0.12,0.04,2.28,0,3.78,1.32,0.05,1.08,1.2,0.01,62.64,0.77,0.48,0,11.65,0,0,6.19,0,0.01,1.69,0,0.09,0.23,0,0.01,0.58,0,0.002187482,1.28998471,0.169574228
GF3-8,Feb.23,GF3,Drip,3.47,0.7,0.02,2.76,1.37,0.04,0.02,0.92,0,4.91,2.14,0.11,0.01,10.77,0,3.57,0.68,0.02,1,1.21,0.01,64.9,0.19,0.12,0,25.4,0,0,2.43,0,0.01,2.34,0,0.1,0.46,0,0.01,0.88,0,0.003019875,2.8936265,0.104362985
GR1-8,Feb.23,GR1,Drip,3.43,0.85,0.03,2.7,2.55,0.07,0.01,1.26,0,9.63,1.41,0.14,0.03,1.14,0,2.16,0.49,0.01,0.22,0.8,0,36.46,1.17,0.43,0,4.74,0,0,5.87,0,0.02,1.66,0,0.09,0.64,0,0.02,1.12,0,0.001369245,4.663548181,0.029360593
GR2-8,Feb.23,GR2,Drip,2.63,1.02,0.03,0.85,1.35,0.01,0,2.16,0,6.07,1.92,0.12,0.19,0.53,0,3.76,1.02,0.04,0.24,2.06,0,88.45,0.23,0.2,0,2.21,0,0,5.25,0,0.02,1.67,0,0.03,2.1,0,0.01,0.73,0,0.002336665,3.911227316,0.059742511
GR4-8,Feb.23,GR4,Drip,14.92,1.08,0.16,1.58,1.47,0.02,0,1.77,0,4,2.61,0.1,0.01,9.53,0,4.3,0.78,0.03,0.78,0.58,0,40.98,0.9,0.37,0,14.73,0,0,5.69,0,0.01,1.77,0,0.06,1.15,0,0.01,1.01,0,0.000656331,3.242001575,0.020244623
GR6-8,Feb.23,GR6,Drip,2.75,1.25,0.03,0.74,0.71,0.01,0,0.16,0,5.51,2.3,0.13,0,5.87,0,4.67,1.77,0.08,0.31,0.61,0,49.89,0.43,0.21,0,7.73,0,0,4.56,0,0.01,3,0,0.04,0.92,0,0.01,0.75,0,0.000912745,6.773377921,0.013475478
RW-8,Feb.23,RW,River,4.37,0.6,0.03,2.58,0.58,0.02,0,2.11,0,4.45,2.15,0.1,0.01,5.57,0,3.38,1.14,0.04,1.48,0.61,0.01,42.73,1.37,0.59,0,13.84,0,0,8.42,0,0.03,1.44,0,0.06,0.72,0,0.01,1,0,0.000199972,10.52300559,0.001900333
SW-O2-8,Feb.23,SW-O2,Soil,1.35,0.74,0.01,0.14,2.65,0,0.03,0.45,0,8.88,1.55,0.14,2.63,0.26,0.01,1.04,0.26,0,0.12,0.58,0,2.75,3.92,0.11,0,14.47,0,0,0.9,0,0.01,2.19,0,0,2.9,0,0,1.16,0,0.036932458,1.28997774,2.86303063
SW-O3-8,Feb.23,SW-O3,Soil,1.56,1.13,0.02,0.41,1.52,0.01,0.01,0.82,0,0.65,3.76,0.02,0,15.89,0,0.52,0.86,0,0.32,0.44,0,26.13,0.88,0.23,0,59.49,0,0,1.98,0,0.02,0.84,0,0.01,1.9,0,0,2.17,0,0.003520988,1.164296629,0.302413322
GF1-9,Apr.23,GF1,Drip,1.73,1.08,0.02,1.28,0.58,0.01,0.05,2.3,0,5.11,1.51,0.08,0.1,4.55,0,2.1,1.9,0.04,0.43,0.79,0,35.8,0.2,0.07,0,15.45,0,0,9.23,0,0.02,0.57,0,0.06,1.21,0,0.01,0.72,0,0.005426199,3.217663867,0.16863784
GF2-9,Apr.23,GF2,Drip,3.29,0.41,0.01,2.43,3.69,0.09,0.01,0.42,0,4.43,1.72,0.08,1,0.89,0.01,3.13,0.31,0.01,0.93,1.92,0.02,158.74,1.15,1.82,0,12.42,0,0,4.62,0,0.02,1.33,0,0.09,0.62,0,0.01,0.43,0,0.005187059,3.15961489,0.164167453
GF3-9,Apr.23,GF3,Drip,3.42,0.63,0.02,2.14,0.45,0.01,0,3.08,0,4.15,1.89,0.08,0.47,1.34,0.01,3.09,1.84,0.06,0.94,0.18,0,60.52,0.81,0.49,0,28.27,0,0,4.68,0,0.02,0.64,0,0.08,0.18,0,0.01,0.54,0,0.000920514,1.951216676,0.04717642
GR1-9,Apr.23,GR1,Drip,3,0.62,0.02,2.21,0.89,0.02,0,23.57,0,8.08,2.06,0.17,0.38,0.25,0,1.87,0.33,0.01,0.27,2.14,0.01,29.71,0.46,0.14,0,2.86,0,0,8.98,0,0.01,2.33,0,0.09,0.51,0,0.02,0.78,0,<0.000,N/A,#VALUE!
GR2-9,Apr.23,GR2,Drip,2.84,0.88,0.02,0.85,0.76,0.01,0,19.47,0,6.54,1.14,0.07,0.17,1.96,0,3.65,1.26,0.05,0.24,1.37,0,34.13,1.57,0.54,0,4.45,0,0,0.43,0,0.01,2.65,0,0.03,1.08,0,0.01,0.8,0,2.98E-05,73.76771433,4.04E-05
GR3-9,Apr.23,GR3,Drip,10.63,1.11,0.12,1.15,0.39,0,3.17,0.68,0.02,3.76,3.22,0.12,0.2,0.76,0,4.11,0.55,0.02,0.47,0.82,0,38.53,0.4,0.15,0,13.44,0,0,1.66,0,0.13,0.62,0,0.03,0.96,0,0.01,0.39,0,0.003661689,0.408405242,0.896582292
GR4-9,Apr.23,GR4,Drip,14.68,0.08,0.01,1.64,1.34,0.02,<0.000,N/A,#VALUE!,3.94,0.9,0.04,0.02,1.12,0,4.53,1,0.05,0.77,1.21,0.01,50.73,0.69,0.35,0,10.82,0,0,9.29,0,0.01,2.33,0,0.06,0.42,0,0.01,0.39,0,<0.000,N/A,#VALUE!
GR5-9,Apr.23,GR5,Drip,36.18,0.71,0.26,0.93,0.75,0.01,0.01,0.47,0,4.2,4.09,0.17,0.36,2.24,0.01,3.46,0.87,0.03,0.72,1.19,0.01,131.73,0.69,0.91,0,4.31,0,0,1.45,0,0.02,1.36,0,0.04,1.05,0,0.02,0.87,0,0.021180636,0.873670674,2.424327183
GR6-9,Apr.23,GR6,Drip,2.48,0.56,0.01,0.68,2,0.01,<0.000,N/A,#VALUE!,4.78,4.1,0.2,0.16,4.23,0.01,4.03,2.42,0.1,0.27,1.38,0,42.89,0.67,0.29,0,3.94,0,0,9.43,0,0.01,1.54,0,0.04,1.33,0,0.01,0.3,0,0.000205418,16.15923019,0.001271212
RW-9,Apr.23,RW,River,3.48,1.21,0.04,2.44,0.32,0.01,0.01,2.15,0,3.85,1.58,0.06,2.25,0.61,0.01,3.42,1.11,0.04,1.65,0.47,0.01,50.32,1.6,0.8,0,16.86,0,0,9.27,0,0.01,3,0,0.06,1.58,0,0.01,1.58,0,5.24E-05,20.45299812,0.000256303
SW-O2-9,Apr.23,SW-O2,Soil,1.09,1.52,0.02,0.12,3.45,0,0,102.67,0,7.53,1.79,0.13,0.05,3.46,0,0.87,1.07,0.01,0.1,0.49,0,0.16,171.98,0.28,0,297.26,0,0,0.55,0,0,167.47,0,0,187.06,0,0,135.66,0,0.011364342,2.728089832,0.416567731
SW-O6-9,Apr.23,SW-O6,Soil,4.14,1.17,0.05,1.56,0.78,0.01,0.02,0.97,0,2.12,1.84,0.04,0.9,1.39,0.01,1.81,2.62,0.05,1.01,1.82,0.02,92.13,0.77,0.71,0,34.15,0,0,5.56,0,0.02,0.95,0,0.04,0.51,0,0.01,0.75,0,0.000804888,4.037718269,0.019934229
GF1-10,Jun.23,GF1,Drip,1.45,0.97,0.01,1.11,1.61,0.02,0.01,2.48,0,3.78,2.37,0.09,1.43,1.48,0.02,1.6,0.95,0.02,0.39,2.96,0.01,40.99,1.84,0.76,0,43.17,0,0,2.29,0,0.01,2.2,0,0.05,1.39,0,0.01,0.63,0,0.002395579,5.958713773,0.040202963
GF3-10,Jun.23,GF3,Drip,1.62,1.61,0.03,1.32,0.31,0,0,2.12,0,2.45,1.92,0.05,5.07,2.08,0.11,1.68,0.89,0.01,0.51,1.14,0.01,49.98,0.47,0.24,0,37.55,0,0,2.66,0,0.01,1.66,0,0.05,0.36,0,0.01,0.65,0,0.001468104,2.417716422,0.060722752
GR1-10,Jun.23,GR1,Drip,1.81,0.44,0.01,1.39,0.65,0.01,0,0.97,0,4.96,0.98,0.05,0,8.8,0,1.22,0.45,0.01,0.11,1.06,0,32,0.51,0.16,0,6.71,0,0,0.79,0,0.03,2.1,0,0.06,0.25,0,0.01,0.53,0,0.003474684,1.528829336,0.227277422
GR2-10,Jun.23,GR2,Drip,1.21,0.92,0.01,0.45,1.17,0.01,0,4.41,0,2.69,0.72,0.02,0,12.22,0,1.68,0.86,0.01,0.12,1.39,0,45.17,0.46,0.21,0,5.19,0,0,2.94,0,0.01,1.35,0,0.01,0.85,0,0,1.63,0,0.000437517,6.847351197,0.006389575
GR4-10,Jun.23,GR4,Drip,5.38,0.64,0.03,0.89,0.84,0.01,0,2.36,0,1.81,2.37,0.04,0.05,2.53,0,1.75,0.42,0.01,0.36,0.46,0,36.65,1.56,0.57,0,20.12,0,0,1.63,0,0.01,0.53,0,0.03,1.13,0,0,0.25,0,0.000424406,8.246079873,0.005146757
GR5-10,Jun.23,GR5,Drip,20.7,0.85,0.18,0.65,1.32,0.01,0.01,2.38,0,2.67,4.2,0.11,0.01,4.86,0,2.06,1.44,0.03,0.55,1.7,0.01,90.32,0.55,0.5,0,10.28,0,0,5.25,0,0.02,0.53,0,0.03,0.45,0,0.02,1.1,0,0.000967063,0.74191735,0.130346498
GR6-10,Jun.23,GR6,Drip,2.53,0.89,0.02,0.83,0.95,0.01,0.07,5,0,5.28,1.98,0.1,12.22,0.73,0.09,4.58,0.85,0.04,0.33,2.54,0.01,48.83,1.19,0.58,0,4.8,0,0,0.83,0,0.01,2.71,0,0.04,2.2,0,0.02,0.23,0,0.060007004,0.728913232,8.232393281
RW-10,Jun.23,RW,River,2.02,0.3,0.01,1.53,1.29,0.02,0,0.61,0,2.27,2.19,0.05,0.05,2.33,0,1.43,0.73,0.01,0.83,0.43,0,42.43,1.38,0.59,0,23.46,0,0,6.55,0,0.01,1.4,0,0.03,0.11,0,0,0.48,0,0.001122849,0.783357629,0.143337939
SW-O6-10,Jun.23,SW-O6,Soil,2.07,1.02,0.02,0.86,0.77,0.01,0.11,0.73,0,1.44,2.07,0.03,0.01,9.59,0,2.25,1.3,0.03,0.58,0.55,0,53.97,2.09,1.13,0,48.84,0,0,1.73,0,0.01,3.32,0,0.03,1.56,0,0.01,1.22,0,0.000396883,4.757246212,0.008342711
GF1-11,Aug.23,GF1,Drip,0.7,1.26,0.01,0.48,2.02,0.01,0,2.3,0,2.57,1.84,0.05,0.02,1.84,0,0.85,1.51,0.01,0.16,0.86,0,49.47,0.47,0.23,0,19.53,0,0,3.52,0,0,3.26,0,0.03,0.44,0,0,0.87,0,<0.000,N/A,#VALUE!
GF2-11,Aug.23,GF2,Drip,0.9,0.8,0.01,0.68,1.75,0.01,0.03,1.13,0,1.51,1.67,0.03,3.94,0.99,0.04,1.02,0.98,0.01,0.3,0.63,0,43.61,1.33,0.58,0,51.68,0,0,3.02,0,0.01,2.82,0,0.03,2.15,0,0,1.27,0,0.003673704,0.41171353,0.892296211
GR1-11,Aug.23,GR1,Drip,0.99,1.53,0.02,0.77,1.3,0.01,0.04,0.1,0,3.49,0.53,0.02,0.01,7.45,0,0.82,0.85,0.01,0.09,1.91,0,30.79,0.78,0.24,0,0.73,0,0,2.74,0,0.02,0.85,0,0.03,1.21,0,0.01,1.18,0,0.001426506,3.059250439,0.046629256
GR2-11,Aug.23,GR2,Drip,5.04,0.83,0.04,0.59,1.76,0.01,0.07,1.09,0,2.69,2.85,0.08,0.02,1.32,0,1.93,1.12,0.02,0.23,3.02,0.01,53.68,1.36,0.73,0,28.87,0,0,4.01,0,0.01,3.32,0,0.02,2.14,0,0.01,1.09,0,0.002071348,103.8284621,0.001994971
GR3-11,Aug.23,GR3,Drip,1.11,1.33,0.01,0.35,2.19,0.01,0,1.19,0,3.48,1.06,0.04,0.2,1.41,0,1.59,0.78,0.01,0.12,0.72,0,41.31,0.94,0.39,0,3.42,0,0,1.75,0,0.02,1.17,0,0.02,2.59,0,0.01,1.14,0,0.000302774,7.546540587,0.004012087
GR4-11,Aug.23,GR4,Drip,5.05,0.24,0.01,0.62,1.21,0.01,0.01,1.64,0,1.3,1.96,0.03,37.56,0.84,0.32,1.28,0.54,0.01,0.44,0.67,0,30.38,1.35,0.41,0,5.17,0,0,0.45,0,0.01,1.46,0,0.02,0.44,0,0.01,0.8,0,0.001625318,1.733784457,0.093743972
GR5-11,Aug.23,GR5,Drip,14.87,0.73,0.11,0.44,1.8,0.01,0,1.99,0,1.56,1,0.02,1.62,0.9,0.01,1.3,0.66,0.01,0.43,1.27,0.01,71.59,1.88,1.35,0,6.81,0,0,2.76,0,0.01,1.97,0,0.02,0.32,0,0.01,0.94,0,0.000450324,5.741999892,0.007842637
GR6-11,Aug.23,GR6,Drip,0.73,0.94,0.01,0.22,2.82,0.01,0,1.73,0,1.98,2.76,0.05,0.03,2.38,0,1.55,1.02,0.02,0.11,0.65,0,34.45,0.46,0.16,0,9.75,0,0,4.12,0,0,3.99,0,0.01,0.88,0,0.01,1.18,0,<0.000,N/A,#VALUE!
RW-11,Aug.23,RW,River,1.38,1.17,0.02,0.9,1.49,0.01,0,0.86,0,1.56,2.4,0.04,0.05,3.26,0,0.88,0.49,0,0.9,0.76,0.01,30.65,1.9,0.58,0,91.41,0,0,1.28,0,0.01,3,0,0.02,0.93,0,0,1.23,0,0.00010051,5.365325502,0.001873333
GF1-12,Oct.23,GF1,Drip,1.98,0.85,0.02,1.64,0.77,0.01,0,9.23,0,4.95,1.63,0.08,0,14.72,0,2.1,1.85,0.04,0.47,0.16,0,61.36,0.68,0.41,0,15.15,0,0,5.71,0,0.01,3.54,0,0.08,1.29,0,0.01,0.42,0,6.81E-05,28.30492177,0.000240515
GF2-12,Oct.23,GF2,Drip,2.95,0.56,0.02,2.62,1.29,0.03,0,4.18,0,4.35,3.21,0.14,0,27.83,0,3.05,1.98,0.06,0.97,1.16,0.01,75.5,0.96,0.72,0,27.21,0,0,4.92,0,0.01,1.5,0,0.09,1.08,0,0.01,0.79,0,<0.000,N/A,#VALUE!
GR2-12,Oct.23,GR2,Drip,2.58,1.1,0.03,0.96,0.9,0.01,0,6.32,0,5.5,1.9,0.1,0,4.96,0,3.64,0.75,0.03,0.34,1.61,0.01,57.31,0.34,0.19,0,8.49,0,0,12.53,0,0.01,4.37,0,0.03,0.28,0,0.01,0.81,0,<0.000,N/A,#VALUE!
GR3-12,Oct.23,GR3,Drip,10.31,0.98,0.1,1.34,0.88,0.01,0,4.12,0,3.7,3.58,0.13,0,9.56,0,3.83,0.64,0.02,0.42,1.74,0.01,44.58,1.53,0.68,0,4.68,0,0,1.99,0,0,3.31,0,0.03,0.9,0,0.01,0.61,0,<0.000,N/A,#VALUE!
GR4-12,Oct.23,GR4,Drip,2.66,0.16,0,0.43,0.62,0,0.02,0.68,0,0.92,2.74,0.03,0,44.88,0,0.97,0.83,0.01,0.21,1.07,0,25.2,3.08,0.78,0,36.8,0,0,23.59,0,0,1.21,0,0.02,1.09,0,0,1.13,0,<0.000,N/A,#VALUE!
GR5-12,Oct.23,GR5,Drip,15.31,0.46,0.07,0.54,2.1,0.01,0.01,0.94,0,1.76,1.9,0.03,0,11.77,0,1.62,0.12,0,0.38,1.22,0,83.24,0.28,0.23,0,14.74,0,0,9.44,0,0,3.41,0,0.02,1.46,0,0.01,0.37,0,<0.000,N/A,#VALUE!
GR6-12,Oct.23,GR6,Drip,0.67,1.56,0.01,0.23,2.26,0.01,0,1.41,0,1.29,2.89,0.04,0,5.25,0,1.56,0.84,0.01,0.07,2.41,0,27.55,0.99,0.27,0,17.04,0,0,1.86,0,0.01,1.99,0,0.01,2.07,0,0,0.66,0,<0.000,N/A,#VALUE!
RW-12,Oct.23,RW,River,1.93,0.35,0.01,1.31,0.92,0.01,0,3.3,0,1.59,2.27,0.04,0,5.14,0,1.05,0.26,0,1.18,0.72,0.01,29.57,0.21,0.06,0,32.56,0,0,13.44,0,0.01,3.07,0,0.02,2.58,0,0,1.2,0,<0.000,N/A,#VALUE!
GF1-13,Jan.24,GF1,Drip,1.13,1.39,0.02,1.03,1.63,0.02,0,2.26,0,1.21,2.8,0.03,0,3.63,0,1.27,0.3,0,0.31,0.27,0,53.85,1.64,0.88,0,46.48,0,0,7.79,0,0,1.76,0,0.04,1.27,0,0,2.57,0,<0.000,N/A,#VALUE!
GF2-13,Jan.24,GF2,Drip,2.08,1.24,0.03,1.45,1.33,0.02,0,1.16,0,1.98,3.41,0.07,0.04,0.32,0,2,1.63,0.03,0.63,1.43,0.01,71.06,1.54,1.1,0,82.76,0,0,6.13,0,0.01,2.88,0,0.05,2.11,0,0.01,1.17,0,8.68E-05,17.24102204,0.000503221
GF3-13,Jan.24,GF3,Drip,1.41,0.11,0,1.12,1.05,0.01,0,0.41,0,1.97,2.97,0.06,0,24.76,0,1.89,0.43,0.01,0.4,0.68,0,58.26,0.47,0.27,0,65.06,0,0,1.09,0,0,0.6,0,0.05,1.38,0,0.01,1.72,0,<0.000,N/A,#VALUE!
GR1-13,Jan.24,GR1,Drip,0.92,0.85,0.01,0.9,1.62,0.01,0,1.41,0,5.16,2.36,0.12,0.01,5.38,0,0.74,1.55,0.01,0.08,1.01,0,37.3,1.4,0.52,0,7.42,0,0,4.29,0,0.01,3.21,0,0.04,1.17,0,0.01,1.02,0,<0.000,N/A,#VALUE!
GR2-13,Jan.24,GR2,Drip,1.61,0.53,0.01,0.61,2.88,0.02,0.01,0.94,0,2.52,2.59,0.07,0.02,1.8,0,2.36,1.48,0.03,0.2,1.3,0,47.16,0.76,0.36,0,8.89,0,0,9.8,0,0.01,0.95,0,0.02,1.44,0,0.01,0.27,0,<0.000,N/A,#VALUE!
GR3-13,Jan.24,GR3,Drip,10.21,0.9,0.09,1.1,2.84,0.03,0.06,0.53,0,3.91,3.51,0.14,0,12.28,0,3.81,0.66,0.03,0.4,1.51,0.01,57.56,0.36,0.21,0,16.85,0,0,3.03,0,0.01,1.3,0,0.03,0.71,0,0.01,0.57,0,<0.000,N/A,#VALUE!
GR4-13,Jan.24,GR4,Drip,5.88,1.22,0.07,0.57,1.46,0.01,0,1.05,0,2.11,3.32,0.07,0.52,1.57,0.01,2.02,2.07,0.04,0.25,0.75,0,39.3,0.51,0.2,0,11.89,0,0,4.15,0,0.01,2.01,0,0.03,0.63,0,0.01,0.6,0,0.000296255,7.507241989,0.003946257
GR5-13,Jan.24,GR5,Drip,14.07,0.65,0.09,0.39,0.61,0,0,0.65,0,1.99,2.57,0.05,0.03,4.21,0,1.89,0.93,0.02,0.35,0.49,0,75,0.95,0.71,0,21.31,0,0,4.91,0,0.01,0.85,0,0.02,2.3,0,0.02,1.13,0,<0.000,N/A,#VALUE!
GR6-13,Jan.24,GR6,Drip,1.51,0.42,0.01,0.5,1.13,0.01,0,3.06,0,2.71,3.27,0.09,0,10.67,0,3.1,0.65,0.02,0.19,1.72,0,54.48,0.09,0.05,0,5.48,0,0,0.45,0,0,2.81,0,0.03,0.7,0,0.01,1.64,0,<0.000,N/A,#VALUE!
RW-13,Jan.24,RW,River,2.71,0.71,0.02,1.17,2.07,0.02,0,1.66,0,1.41,2.71,0.04,0.02,6.29,0,2.17,1.07,0.02,1.47,0.84,0.01,44.4,0.42,0.19,0,56.58,0,0,3.96,0,0.01,1.11,0,0.03,0.25,0,0,1.32,0,0.000174665,1.69039116,0.010332842